CD,Harris,Trump,Total,Harris %,Trump %,Winner,Margin %,Data source,@
AK-AL,"140,026","184,458","338,177",41.41%,54.54%,Trump,-13.1%,Alaska State Elections,
AL-01,"73,202","257,309","334,430",21.89%,76.94%,Trump,-55.1%,Drew Savicki,drewsav
AL-02,"155,343","131,501","290,230",53.52%,45.31%,Harris,8.2%,Drew Savicki,drewsav
AL-03,"82,876","230,168","316,542",26.18%,72.71%,Trump,-46.5%,Drew Savicki,drewsav
AL-04,"49,720","258,636","311,536",15.96%,83.02%,Trump,-67.1%,Drew Savicki,drewsav
AL-05,"124,533","233,123","364,163",34.20%,64.02%,Trump,-29.8%,Drew Savicki,drewsav
AL-06,"104,267","240,522","351,263",29.68%,68.47%,Trump,-38.8%,Drew Savicki,drewsav
AL-07,"182,469","111,356","296,927",61.45%,37.50%,Harris,23.9%,Drew Savicki,drewsav
AR-01,"72,035","195,867","273,123",26.37%,71.71%,Trump,-45.3%,Drew Savicki,drewsav
AR-02,"130,693","180,476","318,848",40.99%,56.60%,Trump,-15.6%,Drew Savicki,drewsav
AR-03,"111,878","188,909","309,212",36.18%,61.09%,Trump,-24.9%,Drew Savicki,drewsav
AR-04,"81,410","193,097","279,664",29.11%,69.05%,Trump,-39.9%,Drew Savicki,drewsav
AZ-01,"216,232","230,237","452,616",47.77%,50.87%,Trump,-3.1%,Drew Savicki,drewsav
AZ-02,"174,927","237,247","416,913",41.96%,56.91%,Trump,-14.9%,Drew Savicki,drewsav
AZ-03,"147,522","62,762","214,108",68.90%,29.31%,Harris,39.6%,Drew Savicki,drewsav
AZ-04,"182,893","159,723","349,098",52.39%,45.75%,Harris,6.6%,Drew Savicki,drewsav
AZ-05,"175,673","264,571","446,756",39.32%,59.22%,Trump,-19.9%,Drew Savicki,drewsav
AZ-06,"216,024","219,323","441,768",48.90%,49.65%,Trump,-0.7%,Drew Savicki,drewsav
AZ-07,"170,352","108,028","282,477",60.31%,38.24%,Harris,22.1%,Drew Savicki,drewsav
AZ-08,"162,183","226,186","393,385",41.23%,57.50%,Trump,-16.3%,Drew Savicki,drewsav
AZ-09,"137,054","262,165","403,628",33.96%,64.95%,Trump,-31.0%,Drew Savicki,drewsav
CA-01,"118,090","199,649","326,893",36.12%,61.07%,Trump,-24.9%,sz117649,sz117649
CA-02,"276,863","100,474","390,600",70.88%,25.72%,Harris,45.2%,"Del Norte, Humboldt, Marin, Mendocino, Sonoma, Trinity Counties",
CA-03,"201,922","218,497","434,096",46.52%,50.33%,Trump,-3.8%,sz117649,sz117649
CA-04,"225,203","115,410","351,669",64.04%,32.82%,Harris,31.2%,"Lake, Napa, Solano, Sonoma, Yolo Counties",
CA-05,"151,686","219,092","380,505",39.86%,57.58%,Trump,-17.7%,"Stanislaus, El Dorado, Fresno, Tuolumne, Calaveras, Amador, Madera, and Mariposa Counties",
CA-06,"166,463","124,666","301,412",55.23%,41.36%,Harris,13.9%,Sacramento County,
CA-07,"195,104","103,118","309,198",63.10%,33.35%,Harris,29.7%,"Sacramento, Solano, Yolo Counties",
CA-08,"200,015","75,771","285,116",70.15%,26.58%,Harris,43.6%,sz117649,sz117649
CA-09,"122,904","127,491","258,203",47.60%,49.38%,Trump,-1.8%,sz117649,sz117649
CA-10,"247,321","119,198","379,290",65.21%,31.43%,Harris,33.8%,"Alameda, Contra Costa Counties",
CA-11,"295,463","50,870","361,182",81.80%,14.08%,Harris,67.7%,S.F. County,
CA-12,"269,148","33,869","318,386",84.54%,10.64%,Harris,73.9%,Rob Pyers,rpyers
CA-13,"100,559","112,433","219,098",45.90%,51.32%,Trump,-5.4%,Jacob,
CA-14,"191,274","88,263","290,778",65.78%,30.35%,Harris,35.4%,Alameda County,
CA-15,"220,603","74,250","305,590",72.19%,24.30%,Harris,47.9%,"SF, San Mateo Counties",
CA-16,"249,344","82,398","344,065",72.47%,23.95%,Harris,48.5%,Rob Pyers,rpyers
CA-17,"176,438","76,249","264,323",66.75%,28.85%,Harris,37.9%,"Alameda, Santa Clara Counties",
CA-18,"149,269","79,571","236,237",63.19%,33.68%,Harris,29.5%,"Monterey, San Benito, Santa Clara, Santa Cruz Counties",
CA-19,"246,402","116,909","376,512",65.44%,31.05%,Harris,34.4%,"Monterey, San Luis Obispo, Santa Clara, Santa Cruz Counties",
CA-20,"110,642","210,246","328,446",33.69%,64.01%,Trump,-30.3%,Rob Pyers,rpyers
CA-21,"101,220","93,644","200,149",50.57%,46.79%,Harris,3.8%,Jacob,
CA-22,"79,359","89,469","173,377",45.77%,51.60%,Trump,-5.8%,"Kern, Kings, Tulare Counties",
CA-23,"110,434","156,700","274,456",40.24%,57.09%,Trump,-16.9%,"Kern, Los Angeles, San Bernardino Counties",
CA-24,"214,703","126,489","352,177",60.96%,35.92%,Harris,25.0%,"San Luis Obispo, Santa Barbara, Ventura Counties",
CA-25,"125,529","119,328","250,727",50.07%,47.59%,Harris,2.5%,Leon Sit,politicsmaps
CA-26,"190,849","145,316","345,925",55.17%,42.01%,Harris,13.2%,"Los Angeles, Ventura Counties",
CA-27,"157,170","145,061","311,417",50.47%,46.58%,Harris,3.9%,L.A. Co.,
CA-28,"204,263","115,237","330,517",61.80%,34.87%,Harris,26.9%,Leon Sit,politicsmaps
CA-29,"154,257","72,714","234,315",65.83%,31.03%,Harris,34.8%,L.A. Co.,
CA-30,"233,138","94,036","338,818",68.81%,27.75%,Harris,41.1%,L.A. Co.,
CA-31,"151,581","106,588","266,185",56.95%,40.04%,Harris,16.9%,L.A. Co.,
CA-32,"224,304","114,803","349,320",64.21%,32.86%,Harris,31.3%,"Los Angeles, Ventura Counties",
CA-33,"129,054","107,755","243,888",52.92%,44.18%,Harris,8.7%,San Bernard. Co.,
CA-34,"156,740","48,092","214,539",73.06%,22.42%,Harris,50.6%,L.A. Co.,
CA-35,"131,010","105,937","244,123",53.67%,43.39%,Harris,10.3%,Leon Sit,politicsmaps
CA-36,"261,912","111,106","385,620",67.92%,28.81%,Harris,39.1%,L.A. Co.,
CA-37,"184,950","42,949","235,124",78.66%,18.27%,Harris,60.4%,L.A. Co.,
CA-38,"166,559","119,143","294,877",56.48%,40.40%,Harris,16.1%,Leon Sit,politicsmaps
CA-39,"125,934","103,033","236,224",53.31%,43.62%,Harris,9.7%,Riverside Co.,
CA-40,"184,651","193,734","391,393",47.18%,49.50%,Trump,-2.3%,Leon Sit,politicsmaps
CA-41,"165,922","187,430","362,808",45.73%,51.66%,Trump,-5.9%,Riverside Co.,
CA-42,"159,940","79,492","248,059",64.48%,32.05%,Harris,32.4%,L.A. Co.,
CA-43,"162,845","53,435","223,449",72.88%,23.91%,Harris,49.0%,L.A. Co.,
CA-44,"164,053","79,136","251,106",65.33%,31.51%,Harris,33.8%,L.A. Co.,
CA-45,"159,879","154,900","324,363",49.29%,47.76%,Harris,1.5%,Leon Sit,politicsmaps
CA-46,"125,174","86,462","218,362",57.32%,39.60%,Harris,17.7%,Orange Co.,
CA-47,"182,428","167,325","362,462",50.33%,46.16%,Harris,4.2%,Orange Co.,
CA-48,"152,884","209,800","371,854",41.11%,56.42%,Trump,-15.3%,Leon Sit,politicsmaps
CA-49,"202,287","172,361","385,546",52.47%,44.71%,Harris,7.8%,Drew Savicki,
CA-50,"234,873","124,867","372,242",63.10%,33.54%,Harris,29.6%,Drew Savicki,
CA-51,"204,059","124,434","338,935",60.21%,36.71%,Harris,23.5%,Drew Savicki,
CA-52,"159,494","102,478","269,100",59.27%,38.08%,Harris,21.2%,Drew Savicki,
CO-01,"280,661","75,479","366,795",76.52%,20.58%,Harris,55.9%,Graham Hillmann,gr_illmann
CO-02,"295,695","123,971","431,778",68.48%,28.71%,Harris,39.8%,Alex Hilke,alexhilke
CO-03,"178,501","218,065","406,675",43.89%,53.62%,Trump,-9.7%,Drew Savicki,drewsav
CO-04,"182,898","267,109","461,401",39.64%,57.89%,Trump,-18.3%,Leon Sit,politicsmaps
CO-05,"165,522","199,615","375,473",44.08%,53.16%,Trump,-9.1%,Leon Sit,politicsmaps
CO-06,"210,534","139,308","360,208",58.45%,38.67%,Harris,19.8%,Leon Sit,politicsmaps
CO-07,"249,924","183,164","445,496",56.10%,41.11%,Harris,15.0%,Leon Sit,politicsmaps
CO-08,"164,418","170,724","344,491",47.73%,49.56%,Trump,-1.8%,Alex Hilke,alexhilke
CT-01,"208,405","129,726","343,970",60.59%,37.71%,Harris,22.9%,Drew Savicki,drewsav
CT-02,"205,994","175,984","388,589",53.01%,45.29%,Harris,7.7%,Drew Savicki,drewsav
CT-03,"191,831","143,737","342,278",56.05%,41.99%,Harris,14.1%,Drew Savicki,drewsav
CT-04,"206,080","127,034","338,461",60.89%,37.53%,Harris,23.4%,Drew Savicki,drewsav
CT-05,"179,743","160,437","345,712",51.99%,46.41%,Harris,5.6%,Drew Savicki,drewsav
DE-AL,"289,758","214,351","511,697",56.63%,41.89%,Harris,14.7%,Drew Savicki,drewsav
FL-01,"129,882","286,464","420,631",30.88%,68.10%,Trump,-37.2%,Matt Isbell,MappingFL
FL-02,"165,882","239,949","409,816",40.48%,58.55%,Trump,-18.1%,Matt Isbell,MappingFL
FL-03,"155,598","240,013","399,732",38.93%,60.04%,Trump,-21.1%,Matt Isbell,MappingFL
FL-04,"172,937","219,976","397,659",43.49%,55.32%,Trump,-11.8%,Matt Isbell,MappingFL
FL-05,"168,974","262,527","438,672",38.52%,59.85%,Trump,-21.3%,Matt Isbell,MappingFL
FL-06,"152,661","285,466","442,450",34.50%,64.52%,Trump,-30.0%,Matt Isbell,MappingFL
FL-07,"184,036","237,434","426,881",43.11%,55.62%,Trump,-12.5%,Matt Isbell,MappingFL
FL-08,"176,933","280,130","461,368",38.35%,60.72%,Trump,-22.4%,Matt Isbell,MappingFL
FL-09,"169,662","157,990","331,560",51.17%,47.65%,Harris,3.5%,Matt Isbell,MappingFL
FL-10,"182,890","114,469","302,638",60.43%,37.82%,Harris,22.6%,Matt Isbell,MappingFL
FL-11,"189,098","263,366","457,418",41.34%,57.58%,Trump,-16.2%,Matt Isbell,MappingFL
FL-12,"143,059","296,232","443,682",32.24%,66.77%,Trump,-34.5%,Matt Isbell,MappingFL
FL-13,"182,362","231,968","420,068",43.41%,55.22%,Trump,-11.8%,Matt Isbell,MappingFL
FL-14,"190,394","162,990","359,196",53.01%,45.38%,Harris,7.6%,Matt Isbell,MappingFL
FL-15,"155,573","195,476","357,467",43.52%,54.68%,Trump,-11.2%,Matt Isbell,MappingFL
FL-16,"177,036","242,907","424,418",41.71%,57.23%,Trump,-15.5%,Matt Isbell,MappingFL
FL-17,"175,736","287,312","466,400",37.68%,61.60%,Trump,-23.9%,Matt Isbell,MappingFL
FL-18,"124,104","228,764","355,621",34.90%,64.33%,Trump,-29.4%,Matt Isbell,MappingFL
FL-19,"150,159","275,107","430,023",34.92%,63.97%,Trump,-29.1%,Matt Isbell,MappingFL
FL-20,"207,081","88,401","298,991",69.26%,29.57%,Harris,39.7%,Matt Isbell,MappingFL
FL-21,"188,542","264,100","457,769",41.19%,57.69%,Trump,-16.5%,Matt Isbell,MappingFL
FL-22,"196,968","176,035","377,558",52.17%,46.62%,Harris,5.5%,Matt Isbell,MappingFL
FL-23,"195,589","188,264","388,743",50.31%,48.43%,Harris,1.9%,Matt Isbell,MappingFL
FL-24,"191,100","102,188","296,836",64.38%,34.43%,Harris,30.0%,Matt Isbell,MappingFL
FL-25,"183,895","165,159","353,772",51.98%,46.69%,Harris,5.3%,Matt Isbell,MappingFL
FL-26,"101,462","211,649","315,935",32.11%,66.99%,Trump,-34.9%,Matt Isbell,MappingFL
FL-27,"142,906","192,461","339,254",42.12%,56.73%,Trump,-14.6%,Matt Isbell,MappingFL
FL-28,"123,691","208,791","335,583",36.86%,62.22%,Trump,-25.4%,Matt Isbell,MappingFL
GA-01,"151,860","208,536","361,904",41.96%,57.62%,Trump,-15.7%,Redistricter,
GA-02,"165,531","142,422","308,582",53.64%,46.15%,Harris,7.5%,Redistricter,
GA-03,"139,628","265,788","407,437",34.27%,65.23%,Trump,-31.0%,Redistricter,
GA-04,"225,543","69,743","298,454",75.57%,23.37%,Harris,52.2%,Redistricter,
GA-05,"284,782","44,839","332,831",85.56%,13.47%,Harris,72.1%,Redistricter,
GA-06,"269,931","89,110","361,764",74.62%,24.63%,Harris,50.0%,Redistricter,
GA-07,"162,523","250,780","418,237",38.86%,59.96%,Trump,-21.1%,Redistricter,
GA-08,"115,676","221,451","337,911",34.23%,65.54%,Trump,-31.3%,Redistricter,
GA-09,"126,180","262,954","391,670",32.22%,67.14%,Trump,-34.9%,Redistricter,
GA-10,"155,685","243,356","401,156",38.81%,60.66%,Trump,-21.9%,Redistricter,
GA-11,"153,779","250,598","408,141",37.68%,61.40%,Trump,-23.7%,Redistricter,
GA-12,"147,474","195,912","344,540",42.80%,56.86%,Trump,-14.1%,Redistricter,
GA-13,"244,704","98,070","346,002",70.72%,28.34%,Harris,42.4%,Redistricter,
GA-14,"118,230","260,479","380,760",31.05%,68.41%,Trump,-37.4%,Redistricter,
HI-01,"153,037","91,500","248,842",61.50%,36.77%,Harris,24.7%,Leon Sit,
HI-02,"160,007","102,161","267,859",59.74%,38.14%,Harris,21.6%,Leon Sit,
IA-01,"190,502","226,309","422,996",45.04%,53.50%,Trump,-8.5%,Ethan Chen,ecaliberseven
IA-02,"186,017","227,941","419,694",44.32%,54.31%,Trump,-10.0%,Ethan Chen,ecaliberseven
IA-03,"199,043","217,645","422,161",47.15%,51.55%,Trump,-4.4%,Ethan Chen,ecaliberseven
IA-04,"131,716","255,124","391,998",33.60%,65.08%,Trump,-31.5%,Ethan Chen,ecaliberseven
ID-01,"126,556","343,893","482,338",26.24%,71.30%,Trump,-45.1%,Drew Savicki,drewsav
ID-02,"148,416","261,353","422,629",35.12%,61.84%,Trump,-26.7%,Drew Savicki,drewsav
IL-01,"214,073","109,242","327,466",65.37%,33.36%,Harris,32.0%,Leon Sit,politicsmaps
IL-02,"196,214","97,528","297,830",65.88%,32.75%,Harris,33.1%,Leon Sit,politicsmaps
IL-03,"172,244","89,231","266,118",64.72%,33.53%,Harris,31.2%,Leon Sit,politicsmaps
IL-04,"133,939","74,066","211,557",63.31%,35.01%,Harris,28.3%,Leon Sit,politicsmaps
IL-05,"254,786","115,347","374,610",68.01%,30.79%,Harris,37.2%,Leon Sit,politicsmaps
IL-06,"190,612","170,378","369,078",51.65%,46.16%,Harris,5.5%,Leon Sit,politicsmaps
IL-07,"226,762","46,050","275,927",82.18%,16.69%,Harris,65.5%,Leon Sit,politicsmaps
IL-08,"162,699","141,262","307,993",52.83%,45.87%,Harris,7.0%,Leon Sit,politicsmaps
IL-09,"234,690","108,074","346,637",67.70%,31.18%,Harris,36.5%,Leon Sit,politicsmaps
IL-10,"198,639","126,144","329,203",60.34%,38.32%,Harris,22.0%,Leon Sit,politicsmaps
IL-11,"199,305","157,954","362,539",54.97%,43.57%,Harris,11.4%,Leon Sit,politicsmaps
IL-12,"102,544","264,569","372,701",27.51%,70.99%,Trump,-43.5%,Leon Sit,politicsmaps
IL-13,"180,769","145,442","331,665",54.50%,43.85%,Harris,10.7%,Leon Sit,politicsmaps
IL-14,"173,513","156,109","335,275",51.75%,46.56%,Harris,5.2%,Leon Sit,politicsmaps
IL-15,"111,478","263,513","380,966",29.26%,69.17%,Trump,-39.9%,Leon Sit,politicsmaps
IL-16,"147,603","236,426","390,578",37.79%,60.53%,Trump,-22.7%,Leon Sit/Harrison Lavelle,
IL-17,"162,994","147,745","316,773",51.45%,46.64%,Harris,4.8%,Leon Sit/Harrison Lavelle,
IN-01,"161,667","160,552","325,714",49.63%,49.29%,Harris,0.3%,Poyer,
IN-02,"107,778","187,181","300,258",35.90%,62.34%,Trump,-26.4%,Graham Hillmann,gr_illmann
IN-03,"108,258","208,474","317,059",34.14%,65.75%,Trump,-31.6%,Harrison Lavelle,HWLavelleMaps
IN-04,"115,150","212,740","328,078",35.10%,64.84%,Trump,-29.7%,Harrison Lavelle,HWLavelleMaps
IN-05,"150,105","212,150","370,907",40.47%,57.20%,Trump,-16.7%,Drew Savicki,drewsav
IN-06,"107,013","212,902","319,915",33.45%,66.55%,Trump,-33.1%,Harrison Lavelle,HWLavelleMaps
IN-07,"189,586","77,134","271,799",69.75%,28.38%,Harris,41.4%,Drew Savicki,drewsav
IN-08,"103,784","223,051","326,780",31.76%,68.26%,Trump,-36.5%,Harrison Lavelle,HWLavelleMaps
IN-09,"121,011","226,651","347,662",34.81%,65.19%,Trump,-30.4%,Harrison Lavelle,HWLavelleMaps
KS-01,"103,889","200,988","310,550",33.45%,64.72%,Trump,-31.3%,Drew Savicki,drewsav
KS-02,"120,737","181,316","307,902",39.21%,58.89%,Trump,-19.7%,Drew Savicki,drewsav
KS-03,"203,406","187,105","397,591",51.16%,47.06%,Harris,4.1%,Drew Savicki,drewsav
KS-04,"116,821","189,393","311,548",37.50%,60.79%,Trump,-23.3%,Drew Savicki,drewsav
KY-01,"88,125","250,232","342,821",25.71%,72.99%,Trump,-47.3%,Kentucky_Kiwi,Kentucky_Kiwi
KY-02,"100,536","245,734","351,430",28.61%,69.92%,Trump,-41.3%,Kentucky_Kiwi,Kentucky_Kiwi
KY-03,"194,712","131,797","332,660",58.53%,39.62%,Harris,18.9%,Kentucky_Kiwi,Kentucky_Kiwi
KY-04,"117,644","250,916","375,012",31.37%,66.91%,Trump,-35.5%,Kentucky_Kiwi,Kentucky_Kiwi
KY-05,"55,275","257,630","316,791",17.45%,81.32%,Trump,-63.9%,Kentucky_Kiwi,Kentucky_Kiwi
KY-06,"147,751","201,185","355,816",41.52%,56.54%,Trump,-15.0%,Kentucky_Kiwi,Kentucky_Kiwi
LA-01,"112,923","256,663","376,576",29.99%,68.16%,Trump,-38.2%,Miles Coleman,jmilescoleman
LA-02,"207,146","106,787","320,179",64.70%,33.35%,Harris,31.3%,Miles Coleman,jmilescoleman
LA-03,"89,993","241,080","335,592",26.82%,71.84%,Trump,-45.0%,Miles Coleman,jmilescoleman
LA-04,"78,193","254,316","336,572",23.23%,75.56%,Trump,-52.3%,Miles Coleman,jmilescoleman
LA-05,"100,529","218,237","323,622",31.06%,67.44%,Trump,-36.4%,Miles Coleman,jmilescoleman
LA-06,"178,086","131,422","314,435",56.64%,41.80%,Harris,14.8%,Miles Coleman,jmilescoleman
MA-01,"214,276","161,226","385,200",55.63%,41.86%,Harris,13.8%,Alex,alexanderao
MA-02,"231,966","141,308","384,958",60.26%,36.71%,Harris,23.6%,Alex,alexanderao
MA-03,"207,982","140,574","357,949",58.10%,39.27%,Harris,18.8%,Alex,alexanderao
MA-04,"237,699","158,047","406,724",58.44%,38.86%,Harris,19.6%,Alex,alexanderao
MA-05,"265,591","97,371","374,885",70.85%,25.97%,Harris,44.9%,Alex,alexanderao
MA-06,"255,729","166,654","433,167",59.04%,38.47%,Harris,20.6%,Alex,alexanderao
MA-07,"222,371","46,827","279,838",79.46%,16.73%,Harris,62.7%,Alex,alexanderao
MA-08,"242,175","139,246","392,385",61.72%,35.49%,Harris,26.2%,Alex,alexanderao
MA-09,"249,776","200,506","460,119",54.29%,43.58%,Harris,10.7%,Alex,alexanderao
MD-01,"171,555","243,356","427,049",40.17%,56.99%,Trump,-16.8%,Maryland Board of Elections,
MD-02,"227,194","154,843","395,267",57.48%,39.17%,Harris,18.3%,Maryland Board of Elections,
MD-03,"249,542","151,360","416,995",59.84%,36.30%,Harris,23.5%,Maryland Board of Elections,
MD-04,"240,880","33,369","283,398",85.00%,11.77%,Harris,73.2%,Maryland Board of Elections,
MD-05,"280,941","138,217","431,467",65.11%,32.03%,Harris,33.1%,Maryland Board of Elections,
MD-06,"200,040","177,658","390,342",51.25%,45.51%,Harris,5.7%,Maryland Board of Elections,
MD-07,"236,171","58,128","304,038",77.68%,19.12%,Harris,58.6%,Maryland Board of Elections,
MD-08,"296,254","78,619","389,778",76.01%,20.17%,Harris,55.8%,Maryland Board of Elections,
ME-01,"260,737","165,602","436,146",59.78%,37.97%,Harris,21.8%,AP,
ME-02,"174,614","212,235","394,843",44.22%,53.75%,Trump,-9.5%,AP,
MI-01,"187,386","290,332","484,791",38.65%,59.89%,Trump,-21.2%,Graham Hillmann,gr_illmann
MI-02,"151,848","284,166","442,744",34.30%,64.18%,Trump,-29.9%,Graham Hillmann,gr_illmann
MI-03,"226,061","192,617","426,886",52.96%,45.12%,Harris,7.8%,Graham Hillmann,gr_illmann
MI-04,"201,684","226,371","436,029",46.25%,51.92%,Trump,-5.7%,Graham Hillmann,gr_illmann
MI-05,"148,972","262,208","418,132",35.63%,62.71%,Trump,-27.1%,Graham Hillmann,gr_illmann
MI-06,"279,896","171,903","465,544",60.12%,36.93%,Harris,23.2%,Graham Hillmann,gr_illmann
MI-07,"224,584","230,583","462,790",48.53%,49.82%,Trump,-1.3%,Jackson,im_sorry_wtf
MI-08,"209,431","218,081","434,422",48.21%,50.20%,Trump,-2.0%,Jackson,im_sorry_wtf
MI-09,"161,553","319,081","487,117",33.17%,65.50%,Trump,-32.3%,Leon Sit,
MI-10,"199,324","227,882","436,216",45.69%,52.24%,Trump,-6.5%,Leon Sit,
MI-11,"262,389","188,361","459,815",57.06%,40.96%,Harris,16.1%,Leon Sit,
MI-12,"250,496","108,654","376,284",66.57%,28.88%,Harris,37.7%,Leon Sit,
MI-13,"229,794","92,800","331,011",69.42%,28.04%,Harris,41.4%,Leon Sit,
MN-01,"167,186","213,794","388,291",43.06%,55.06%,Trump,-12.0%,Minnesota SoS,
MN-02,"220,555","195,780","424,818",51.92%,46.09%,Harris,5.8%,Minnesota SoS,
MN-03,"251,783","161,925","422,632",59.57%,38.31%,Harris,21.3%,Minnesota SoS,
MN-04,"251,495","117,085","376,783",66.75%,31.07%,Harris,35.7%,Minnesota SoS,
MN-05,"292,800","65,271","367,777",79.61%,17.75%,Harris,61.9%,Minnesota SoS,
MN-06,"168,603","253,253","430,366",39.18%,58.85%,Trump,-19.7%,Minnesota SoS,
MN-07,"123,652","269,504","399,799",30.93%,67.41%,Trump,-36.5%,Minnesota SoS,
MN-08,"180,905","242,420","430,450",42.03%,56.32%,Trump,-14.3%,Minnesota SoS,
MO-01,"244,275","64,567","314,565",77.65%,20.53%,Harris,57.1%,Missouri_Mapper,Missouri_Mapper
MO-02,"196,219","230,597","434,254",45.19%,53.10%,Trump,-7.9%,Missouri_Mapper,Missouri_Mapper
MO-03,"145,961","254,882","406,771",35.88%,62.66%,Trump,-26.8%,Missouri_Mapper,Missouri_Mapper
MO-04,"106,074","265,106","375,971",28.21%,70.51%,Trump,-42.3%,Missouri_Mapper,Missouri_Mapper
MO-05,"205,104","126,825","337,941",60.69%,37.53%,Harris,23.2%,Missouri_Mapper,Missouri_Mapper
MO-06,"114,786","263,648","383,065",29.97%,68.83%,Trump,-38.9%,Missouri_Mapper,Missouri_Mapper
MO-07,"105,495","265,486","375,614",28.09%,70.68%,Trump,-42.6%,Missouri_Mapper,Missouri_Mapper
MO-08,"82,685","280,875","367,146",22.52%,76.50%,Trump,-54.0%,Missouri_Mapper,Missouri_Mapper
MS-01,"99,872","219,886","324,058",30.82%,67.85%,Trump,-37.0%,Ethan Chen,ECaliberSeven
MS-02,"171,100","112,654","286,706",59.68%,39.29%,Harris,20.4%,Ethan Chen,ECaliberSeven
MS-03,"111,529","205,939","323,374",34.49%,63.68%,Trump,-29.2%,Ethan Chen,ECaliberSeven
MS-04,"82,856","207,826","293,870",28.19%,70.72%,Trump,-42.5%,Ethan Chen,ECaliberSeven
MT-01,"137,408","174,602","322,060",42.67%,54.21%,Trump,-11.5%,Leon Sit,politicsmaps
MT-02,"94,498","177,477","280,903",33.64%,63.18%,Trump,-29.5%,Leon Sit,politicsmaps
NC-01,"182,925","194,707","381,323",47.97%,51.06%,Trump,-3.1%,Drew Savicki,drewsav
NC-02,"272,060","131,173","410,890",66.21%,31.92%,Harris,34.3%,Leon Sit,politicsmaps
NC-03,"147,421","230,873","382,682",38.52%,60.33%,Trump,-21.8%,Drew Savicki,drewsav
NC-04,"312,500","115,438","435,168",71.81%,26.53%,Harris,45.3%,Leon Sit,politicsmaps
NC-05,"164,622","237,266","407,509",40.40%,58.22%,Trump,-17.8%,Leon Sit,politicsmaps
NC-06,"160,043","226,255","389,352",41.10%,58.11%,Trump,-17.0%,Leon Sit,politicsmaps
NC-07,"188,974","250,249","444,443",42.52%,56.31%,Trump,-13.8%,Drew Savicki,drewsav
NC-08,"161,977","242,023","409,231",39.58%,59.14%,Trump,-19.6%,Leon Sit,politicsmaps
NC-09,"159,344","219,696","382,068",41.71%,57.50%,Trump,-15.8%,Leon Sit,politicsmaps
NC-10,"168,731","242,339","416,530",40.51%,58.18%,Trump,-17.7%,Drew Savicki,drewsav
NC-11,"196,319","238,089","441,201",44.50%,53.96%,Trump,-9.5%,Drew Savicki,drewsav
NC-12,"254,978","91,741","353,052",72.22%,25.99%,Harris,46.2%,Leon Sit,politicsmaps
NC-13,"174,652","246,267","424,815",41.11%,57.97%,Trump,-16.9%,Leon Sit,politicsmaps
NC-14,"170,839","232,422","407,323",41.94%,57.06%,Trump,-15.1%,Leon Sit,politicsmaps
ND-AL,"112,327","246,505","365,059",30.77%,67.52%,Trump,-36.8%,Drew Savicki,
NE-01,"136,153","177,666","318,304",42.77%,55.82%,Trump,-13.0%,Nebraska SoS,
NE-02,"163,541","148,905","316,690",51.64%,47.02%,Harris,4.6%,Nebraska SoS,
NE-03,"70,301","238,245","312,165",22.52%,76.32%,Trump,-53.8%,Nebraska SoS,
NH-01,"208,186","199,942","414,123",50.27%,48.28%,Harris,2.0%,Leon Sit,politicsmaps
NH-02,"210,302","195,581","412,066",51.04%,47.46%,Harris,3.6%,Leon Sit,politicsmaps
NJ-01,"220,600","150,098","376,377",58.61%,39.88%,Harris,18.7%,Ethan Chen,ecaliberseven
NJ-02,"166,360","214,917","386,844",43.00%,55.56%,Trump,-12.6%,Ethan Chen,ecaliberseven
NJ-03,"212,712","179,400","398,668",53.36%,45.00%,Harris,8.4%,Ethan Chen,ecaliberseven
NJ-04,"142,650","268,072","416,430",34.26%,64.37%,Trump,-30.1%,Ethan Chen,ecaliberseven
NJ-05,"200,624","194,529","402,838",49.80%,48.29%,Harris,1.5%,Ethan Chen,ecaliberseven
NJ-06,"167,151","146,484","321,741",51.95%,45.53%,Harris,6.4%,Ethan Chen,ecaliberseven
NJ-07,"216,349","221,591","446,499",48.45%,49.63%,Trump,-1.2%,Ethan Chen,ecaliberseven
NJ-08,"135,327","81,523","222,454",60.83%,36.65%,Harris,24.2%,Ethan Chen,ecaliberseven
NJ-09,"137,598","140,857","286,539",48.02%,49.16%,Trump,-1.1%,Ethan Chen,ecaliberseven
NJ-10,"196,313","62,570","263,447",74.52%,23.75%,Harris,50.8%,Ethan Chen,ecaliberseven
NJ-11,"219,579","183,684","411,687",53.34%,44.62%,Harris,8.7%,Ethan Chen,ecaliberseven
NJ-12,"205,449","124,491","339,201",60.57%,36.70%,Harris,23.9%,Ethan Chen,ecaliberseven
NM-01,"194,152","149,361","346,090",56.10%,43.16%,Harris,12.9%,Drew Savicki,
NM-02,"129,940","135,094","268,865",48.33%,50.25%,Trump,-1.9%,Drew Savicki,
NM-03,"151,976","137,725","294,127",51.67%,46.83%,Harris,4.8%,Drew Savicki,
NV-01,"168,443","160,862","335,274",50.24%,47.98%,Harris,2.3%,Drew Savicki,
NV-02,"176,378","235,328","421,579",41.84%,55.82%,Trump,-14.0%,Drew Savicki,
NV-03,"187,985","190,815","385,185",48.80%,49.54%,Trump,-0.7%,Drew Savicki,
NV-04,"172,183","162,571","341,162",50.47%,47.65%,Harris,2.8%,Drew Savicki,
NY-01,"190,070","233,206","429,463",44.26%,54.30%,Trump,-10.0%,Ben Rosenblatt,
NY-02,"153,885","204,329","359,783",42.77%,56.79%,Trump,-14.0%,Ben Rosenblatt,
NY-03,"167,764","186,675","359,551",46.66%,51.92%,Trump,-5.3%,Ben Rosenblatt,
NY-04,"185,133","182,336","371,859",49.79%,49.03%,Harris,0.8%,Ben Rosenblatt,
NY-05,"168,244","68,029","239,902",70.13%,28.36%,Harris,41.8%,NYC BoE,
NY-06,"109,480","96,065","209,347",52.30%,45.89%,Harris,6.4%,NYC BoE,
NY-07,"167,735","60,216","234,430",71.55%,25.69%,Harris,45.9%,NYC BoE,
NY-08,"169,980","64,627","238,476",71.28%,27.10%,Harris,44.2%,NYC BoE,
NY-09,"172,647","71,752","249,589",69.17%,28.75%,Harris,40.4%,NYC BoE,
NY-10,"217,304","50,870","274,622",79.13%,18.52%,Harris,60.6%,NYC BoE,
NY-11,"100,628","167,092","272,725",36.90%,61.27%,Trump,-24.4%,NYC BoE,
NY-12,"273,243","58,162","338,172",80.80%,17.20%,Harris,63.6%,NYC BoE,
NY-13,"186,744","46,512","237,166",78.74%,19.61%,Harris,59.1%,NYC BoE,
NY-14,"131,526","67,310","202,694",64.89%,33.21%,Harris,31.7%,NYC BoE,
NY-15,"137,171","47,170","186,451",73.57%,25.30%,Harris,48.3%,NYC BoE,
NY-16,"215,934","108,026","325,946",66.25%,33.14%,Harris,33.1%,,
NY-17,"194,253","192,100","389,225",49.91%,49.35%,Harris,0.6%,Ben Rosenblatt,
NY-18,"179,696","171,308","354,428",50.70%,48.33%,Harris,2.4%,Ben Rosenblatt,
NY-19,"182,741","180,040","367,069",49.78%,49.05%,Harris,0.7%,Ben Rosenblatt,
NY-20,"211,133","158,226","373,844",56.48%,42.32%,Harris,14.2%,,
NY-21,,,,#DIV/0!,#DIV/0!,#DIV/0!,#DIV/0!,,
NY-22,"194,091","166,357","362,519",53.54%,45.89%,Harris,7.7%,Ben Rosenblatt,
NY-23,"154,405","237,453","395,086",39.08%,60.10%,Trump,-21.0%,,
NY-24,"142,999","229,718","375,078",38.13%,61.25%,Trump,-23.1%,,
NY-25,"220,540","151,196","371,736",59.33%,40.67%,Harris,18.7%,Leon Sit,politicsmaps
NY-26,"194,296","131,279","330,507",58.79%,39.72%,Harris,19.1%,Drew Savicki,
OH-01,"211,044","185,660","400,627",52.68%,46.34%,Harris,6.3%,@OPoliticsGuru,
OH-02,"97,847","278,071","378,773",25.83%,73.41%,Trump,-47.6%,@OPoliticsGuru,
OH-03,"249,343","105,192","358,205",69.61%,29.37%,Harris,40.2%,@OPoliticsGuru,
OH-04,"126,901","276,506","406,964",31.18%,67.94%,Trump,-36.8%,@OPoliticsGuru,
OH-05,"138,264","254,162","396,053",34.91%,64.17%,Trump,-29.3%,@OPoliticsGuru,
OH-06,"125,126","253,659","381,769",32.78%,66.44%,Trump,-33.7%,@OPoliticsGuru,
OH-07,"185,116","229,610","418,215",44.26%,54.90%,Trump,-10.6%,@OPoliticsGuru,
OH-08,"147,398","240,012","390,875",37.71%,61.40%,Trump,-23.7%,@OPoliticsGuru,
OH-09,"174,646","200,024","378,209",46.18%,52.89%,Trump,-6.7%,@OPoliticsGuru,
OH-10,"176,358","198,059","378,165",46.64%,52.37%,Trump,-5.7%,@OPoliticsGuru,
OH-11,"247,399","70,875","320,565",77.18%,22.11%,Harris,55.1%,@OPoliticsGuru,
OH-12,"129,839","257,821","391,017",33.21%,65.94%,Trump,-32.7%,@OPoliticsGuru,
OH-13,"195,969","195,794","395,353",49.57%,49.52%,Harris,0.0%,@OPoliticsGuru,
OH-14,"164,395","236,995","404,825",40.61%,58.54%,Trump,-17.9%,@OPoliticsGuru,
OH-15,"164,054","197,676","365,402",44.90%,54.10%,Trump,-9.2%,@OPoliticsGuru,
OK-01,"120,251","188,080","314,998",38.18%,59.71%,Trump,-21.5%,Drew Savicki,
OK-02,"69,690","250,807","325,621",21.40%,77.02%,Trump,-55.6%,Drew Savicki,
OK-03,"73,290","196,570","274,885",26.66%,71.51%,Trump,-44.8%,Drew Savicki,
OK-04,"101,433","203,961","311,328",32.58%,65.51%,Trump,-32.9%,Drew Savicki,
OK-05,"134,935","196,796","339,341",39.76%,57.99%,Trump,-18.2%,Drew Savicki,
OR-01,"245,702","107,307","368,037",66.76%,29.16%,Harris,37.6%,Jude,oregonmapguy
OR-02,"128,140","227,486","367,172",34.90%,61.96%,Trump,-27.1%,Jude,oregonmapguy
OR-03,"248,433","88,226","351,240",70.73%,25.12%,Harris,45.6%,Jude,oregonmapguy
OR-04,"211,870","164,979","391,317",54.14%,42.16%,Harris,12.0%,Jude,oregonmapguy
OR-05,"218,398","182,440","416,287",52.46%,43.83%,Harris,8.6%,Jude,oregonmapguy
OR-06,"188,844","149,147","351,344",53.75%,42.45%,Harris,11.3%,Jude,oregonmapguy
PA-01,"235,100","233,597","473,305",49.67%,49.35%,Harris,0.32%,Leon Sit,politicsmaps
PA-02,"198,759","93,169","295,441",67.28%,31.54%,Harris,35.74%,Leon Sit,politicsmaps
PA-03,"346,947","42,317","394,010",88.06%,10.74%,Harris,77.32%,Leon Sit,politicsmaps
PA-04,"268,397","194,494","467,751",57.38%,41.58%,Harris,15.80%,Leon Sit,politicsmaps
PA-05,"267,157","147,219","418,780",63.79%,35.15%,Harris,28.64%,Leon Sit,politicsmaps
PA-06,"234,627","186,142","425,113",55.19%,43.79%,Harris,11.41%,Leon Sit,politicsmaps
PA-07,"196,712","209,881","410,973",47.86%,51.07%,Trump,-3.20%,Leon Sit,politicsmaps
PA-08,"177,079","210,231","390,437",45.35%,53.85%,Trump,-8.49%,Leon Sit,politicsmaps
PA-09,"121,858","272,905","398,355",30.59%,68.51%,Trump,-37.92%,Leon Sit,politicsmaps
PA-10,"192,789","214,275","411,793",46.82%,52.03%,Trump,-5.22%,Leon Sit,politicsmaps
PA-11,"160,185","248,335","412,559",38.83%,60.19%,Trump,-21.37%,Leon Sit,politicsmaps
PA-12,"253,683","171,396","429,049",59.13%,39.95%,Harris,19.18%,Leon Sit,politicsmaps
PA-13,"110,793","298,896","412,997",26.83%,72.37%,Trump,-45.55%,Leon Sit,politicsmaps
PA-14,"138,822","279,264","421,082",32.97%,66.32%,Trump,-33.35%,Leon Sit,politicsmaps
PA-15,"121,641","272,777","397,727",30.58%,68.58%,Trump,-38.00%,Leon Sit,politicsmaps
PA-16,"159,531","254,618","417,675",38.20%,60.96%,Trump,-22.8%,Leon Sit,politicsmaps
PA-17,"238,962","213,792","457,099",52.28%,46.77%,Harris,5.51%,Leon Sit,politicsmaps
RI-01,"140,828","88,795","236,043",59.66%,37.62%,Harris,22.0%,Drew Savicki,
RI-02,"144,328","125,611","277,329",52.04%,45.29%,Harris,6.7%,Drew Savicki,
SC-01,"170,929","223,383","400,397",42.69%,55.79%,Trump,-13.1%,Raunak Mondal,
SC-02,"154,278","205,216","364,947",42.27%,56.23%,Trump,-14.0%,Raunak Mondal,
SC-03,"98,947","251,929","355,394",27.84%,70.89%,Trump,-43.0%,Raunak Mondal,
SC-04,"131,779","215,110","352,581",37.38%,61.01%,Trump,-23.6%,Raunak Mondal,
SC-05,"140,995","225,713","371,759",37.93%,60.71%,Trump,-22.8%,Raunak Mondal,
SC-06,"189,436","118,061","312,501",60.62%,37.78%,Harris,22.8%,Raunak Mondal,
SC-07,"139,467","240,756","384,268",36.29%,62.65%,Trump,-26.4%,Raunak Mondal,
SD-AL,"146,859","272,081","428,922",34.24%,63.43%,Trump,-29.2%,Drew Savicki,
TN-01,"71,641","273,119","348,328",20.57%,78.41%,Trump,-57.8%,Drew Savicki,
TN-02,"118,782","242,988","366,818",32.38%,66.24%,Trump,-33.9%,Drew Savicki,
TN-03,"113,481","243,122","361,338",31.41%,67.28%,Trump,-35.9%,Drew Savicki,
TN-04,"93,024","239,838","336,886",27.61%,71.19%,Trump,-43.6%,Drew Savicki,
TN-05,"148,953","215,598","370,476",40.21%,58.20%,Trump,-18.0%,Drew Savicki,
TN-06,"115,402","241,384","361,274",31.94%,66.81%,Trump,-34.9%,Drew Savicki,
TN-07,"127,832","202,528","335,235",38.13%,60.41%,Trump,-22.3%,Drew Savicki,
TN-08,"100,646","243,930","348,532",28.88%,69.99%,Trump,-41.1%,Drew Savicki,
TN-09,"166,505","64,358","235,055",70.84%,27.38%,Harris,43.5%,Drew Savicki,
TX-01,"78,564","246,363","327,414",24.00%,75.25%,Trump,-51.2%,Ou_Dev95,
TX-02,"124,591","203,572","332,296",37.49%,61.26%,Trump,-23.8%,Ou_Dev95,
TX-03,"152,829","232,073","395,624",38.63%,58.66%,Trump,-20.0%,Ou_Dev95,
TX-04,"119,941","238,751","364,900",32.87%,65.43%,Trump,-32.6%,Ou_Dev95,
TX-05,"111,027","194,767","309,771",35.84%,62.87%,Trump,-27.0%,Ou_Dev95,
TX-06,"104,150","188,598","296,327",35.15%,63.65%,Trump,-28.5%,Ou_Dev95,
TX-07,"148,939","96,446","253,160",58.83%,38.10%,Harris,20.7%,Ou_Dev95,
TX-08,"113,192","231,430","349,158",32.42%,66.28%,Trump,-33.9%,Ou_Dev95,
TX-09,"169,156","64,549","237,494",71.23%,27.18%,Harris,44.0%,Ou_Dev95,
TX-10,"131,834","220,459","357,729",36.85%,61.63%,Trump,-24.8%,Ou_Dev95,
TX-11,"71,353","192,220","266,075",26.82%,72.24%,Trump,-45.4%,Ou_Dev95,
TX-12,"131,637","209,675","345,543",38.10%,60.68%,Trump,-22.6%,Ou_Dev95,
TX-13,"77,626","222,446","303,301",25.59%,73.34%,Trump,-47.7%,Ou_Dev95,
TX-14,"101,674","208,188","313,159",32.47%,66.48%,Trump,-34.0%,Ou_Dev95,
TX-15,"93,470","134,492","229,902",40.66%,58.50%,Trump,-17.8%,Ou_Dev95,
TX-16,"132,189","95,314","230,935",57.24%,41.27%,Harris,16.0%,Ou_Dev95,
TX-17,"105,287","193,584","302,401",34.82%,64.02%,Trump,-29.2%,Ou_Dev95,
TX-18,"154,657","65,672","223,715",69.13%,29.36%,Harris,39.8%,Ou_Dev95,
TX-19,"66,869","212,716","282,283",23.69%,75.36%,Trump,-51.7%,Ou_Dev95,
TX-20,"147,321","95,123","245,912",59.91%,38.68%,Harris,21.2%,Ou_Dev95,
TX-21,"163,028","265,667","434,437",37.53%,61.15%,Trump,-23.6%,Ou_Dev95,
TX-22,"136,411","204,248","348,161",39.18%,58.66%,Trump,-19.5%,Ou_Dev95,
TX-23,"127,265","174,704","305,519",41.66%,57.18%,Trump,-15.5%,Ou_Dev95,
TX-24,"157,912","217,060","382,370",41.30%,56.77%,Trump,-15.5%,Ou_Dev95,
TX-25,"106,983","231,289","342,461",31.24%,67.54%,Trump,-36.3%,Ou_Dev95,
TX-26,"149,357","242,431","397,461",37.58%,60.99%,Trump,-23.4%,Ou_Dev95,
TX-27,"99,368","184,228","286,272",34.71%,64.35%,Trump,-29.6%,Ou_Dev95,
TX-28,"114,823","133,132","250,593",45.82%,53.13%,Trump,-7.3%,Ou_Dev95,
TX-29,"92,821","61,054","155,789",59.58%,39.19%,Harris,20.4%,Ou_Dev95,
TX-30,"185,466","65,876","255,584",72.57%,25.77%,Harris,46.8%,Ou_Dev95,
TX-31,"142,633","230,668","378,817",37.65%,60.89%,Trump,-23.2%,Ou_Dev95,
TX-32,"145,083","88,258","240,439",60.34%,36.71%,Harris,23.6%,Ou_Dev95,
TX-33,"113,651","55,269","173,363",65.56%,31.88%,Harris,33.7%,Ou_Dev95,
TX-34,"96,992","106,061","204,734",47.37%,51.80%,Trump,-4.4%,Ou_Dev95,
TX-35,"175,661","86,046","266,802",65.84%,32.25%,Harris,33.6%,Ou_Dev95,
TX-36,"94,073","205,509","302,962",31.05%,67.83%,Trump,-36.8%,Ou_Dev95,
TX-37,"259,547","85,851","354,409",73.23%,24.22%,Harris,49.0%,Ou_Dev95,
TX-38,"134,998","207,050","348,405",38.75%,59.43%,Trump,-20.7%,Ou_Dev95,
UT-01,"144,821","220,203","376,158",38.50%,58.54%,Trump,-20.0%,Leon Sit,
UT-02,"140,202","214,067","363,550",38.56%,58.88%,Trump,-20.3%,Leon Sit,
UT-03,"146,114","218,568","375,132",38.95%,58.26%,Trump,-19.3%,Leon Sit,
UT-04,"131,429","230,980","373,111",35.23%,61.91%,Trump,-26.7%,Leon Sit,
VA-01,"227,010","250,943","486,474",46.66%,51.58%,Trump,-4.9%,Cinyc9,
VA-02,"203,143","204,248","414,078",49.06%,49.33%,Trump,-0.3%,Cinyc9,
VA-03,"213,161","102,227","321,035",66.40%,31.84%,Harris,34.6%,Cinyc9,
VA-04,"250,988","125,928","383,740",65.41%,32.82%,Harris,32.6%,Cinyc9,
VA-05,"191,685","245,997","444,070",43.17%,55.40%,Trump,-12.2%,Cinyc9,
VA-06,"152,726","251,675","410,906",37.17%,61.25%,Trump,-24.1%,Cinyc9,
VA-07,"203,239","191,731","404,129",50.29%,47.44%,Harris,2.8%,Cinyc9,
VA-08,"285,003","92,724","390,209",73.04%,23.76%,Harris,49.3%,Cinyc9,
VA-09,"112,210","291,613","408,546",27.47%,71.38%,Trump,-43.9%,Cinyc9,
VA-10,"221,105","186,171","420,468",52.59%,44.28%,Harris,8.3%,Cinyc9,
VA-11,"273,439","130,784","419,502",65.18%,31.18%,Harris,34.0%,Cinyc9,
VT-AL,"235,791","119,395","366,389",64.36%,32.59%,Harris,31.8%,Washington Secretary of State,
WA-01,"232,691","126,084","374,400",62.15%,33.68%,Harris,28.5%,Washington Secretary of State,
WA-02,"254,400","154,441","425,118",59.84%,36.33%,Harris,23.5%,Washington Secretary of State,
WA-03,"197,986","211,907","424,203",46.67%,49.95%,Trump,-3.3%,Washington Secretary of State,
WA-04,"119,032","183,219","312,324",38.11%,58.66%,Trump,-20.6%,Washington Secretary of State,
WA-05,"173,909","217,375","405,822",42.85%,53.56%,Trump,-10.7%,Washington Secretary of State,
WA-06,"251,826","168,264","436,320",57.72%,38.56%,Harris,19.2%,Washington Secretary of State,
WA-07,"373,392","47,188","437,624",85.32%,10.78%,Harris,74.5%,Washington Secretary of State,
WA-08,"218,294","193,710","428,599",50.93%,45.20%,Harris,5.7%,Washington Secretary of State,
WA-09,"219,426","88,121","320,605",68.44%,27.49%,Harris,41.0%,Washington Secretary of State,
WA-10,"204,893","140,614","359,228",57.04%,39.14%,Harris,17.9%,Washington Secretary of State,
WI-01,189560,207736,404229,46.89%,51.39%,Trump,-4.5%,Wisconsin Elections Commission,
WI-02,324784,136735,469608,69.16%,29.12%,Harris,40.0%,Wisconsin Elections Commission,
WI-03,191708,222857,421741,45.46%,52.84%,Trump,-7.4%,Wisconsin Elections Commission,
WI-04,258176,80483,345704,74.68%,23.28%,Harris,51.4%,Wisconsin Elections Commission,
WI-05,183713,290101,481603,38.15%,60.24%,Trump,-22.1%,Wisconsin Elections Commission,
WI-06,175452,245778,427769,41.02%,57.46%,Trump,-16.4%,Wisconsin Elections Commission,
WI-07,"167,604","266,844","441,810",37.94%,60.40%,Trump,-22.5%,Wisconsin Elections Commission,
WI-08,"177,232","247,092","430,454",41.17%,57.40%,Trump,-16.2%,Wisconsin Elections Commission,
WV-01,"98,066","259,831","364,662",26.89%,71.25%,Trump,-44.4%,Drew Savicki,
WV-02,"116,243","273,725","397,728",29.23%,68.82%,Trump,-39.6%,Drew Savicki,
WY-AL,"69,527","192,633","266,353",26.10%,72.32%,Trump,-46.2%,Drew Savicki,